"Seller","Case","Style","Case Length (mm)","Case Width (mm)","Case Height (mm)","Volume (L)","Footprint (cm2)","Weight (kg)","Side Panel","Case Material","CPU Cooler Height (mm)","AIO / Radiator Support","GPU Riser","GPU Length (mm)","GPU Width (mm)","GPU Height / Thickness (mm)","PCIe Slot","LP PCIe Slot","Motherboard","PSU","2.5"" Drive","3.5"" Drive","5.25"" Drive","40 mm Fan","60 mm Fan","80 mm Fan","92 mm Fan","120 mm Fan","140 mm Fan","180 mm Fan","200 mm Fan","USB-A 2.0 I/O","USB-A 3.2 Gen 1 (5Gbps) I/O","USB-C I/O","3.5mm Jack I/O","Price (CNY)","Price (USD)","SFF.Net Link","SFFPC Wiki Link","Status","Last Update",""
"Scythe","Otter","Classic","420","152","315","20.11","638.40","3.25","Steel","SECC Steel","66","-","-","220","70","","","4","mITX / mATX","SFX","2","2","1","-","-","2","-","-","-","-","-","2","1","-","Y","-","","","","","14 Apr 2023",""
"Cascade Labs","SUB-20","Classic","352","202","285","20.26","711.04","","Steel","Steel","175","120 / 240 / 4 x 240","-","342","180","80","4","-","mITX / mATX","SFX / SFX-L / ATX","","?","-","-","-","-","-","3 to 9","0 to 6","-","-","-","","1","-","-","199.00","","","","15 Jun 2023",""
"Jonsplus","Z20","Classic","370","186","295","20.30","688.20","5","Glass","SPCC Steel","160","120 / 240","-","363","165","80","4","-","mITX / mATX","ATX","3","1","-","-","-","-","0 to 1","0 to 5","0 to 4","-","-","-","1","1","Y","?","","","","","17 Jan 2024",""
"Deng Studio","W20","Classic","348","187","312","20.30","650.76","5.5","Glass","5-8mm 6061-T6 Al","158","120 / 140 / 240 / 280","-","330","163","60","2","-","mITX","SFX","4","-","-","-","-","-","2","0 to 4","0 to 4","-","-","-","1","1","Y","1,799.00","248.94","","","Discontinued","25 May 2023",""
"AC Mod","虚数空间360i","Sandwich","297","170","403","20.35","504.90","","Al","3mm Al","70","120 / 240 / 360","Y","330","","62","3","-","mITX","ATX","","-","-","-","-","-","-","3","-","-","-","-","","-","-","1,299.00","179.75","","","","",""
"Deng Studio","F15 MAX","Classic","355","195","294","20.35","692.25","9","Glass","6061-T6 Al","165","120 / 140 / 240 / 280","-","335","170","80","4","-","mITX / mATX","SFX / SFX-L / ATX","","0 to 1","-","-","-","-","-","1 to 5","0 to 4","-","-","-","","1","-","1,999.00","276.62","","","","25 May 2023",""
"Kolink","ROCKET COMPLEX","Sandwich","212.5","214.5","448.5","20.44","455.81","4.45","Glass / Al","2mm Al + Steel","110","120 / 240","Y","330","","56","2","-","mITX","SFX / SFX-L","4","-","-","-","-","-","-","2","-","-","-","-","1","1","-","-","190.40","","","","24 Nov 2021",""
"SKTC","A03","Sandwich","393","161","324","20.50","632.73","","Acrylic","Al","90","120 / 240","Y","300","","40","2","-","mITX / mATX (245x225)","ATX","","0 to 1","-","-","-","-","-","3","-","-","-","-","2","-","Y","399.00","55.21","","","","",""
"Mechanic Master","C+ Max","Classic","392","185","284","20.60","725.20","5.7","Acrylic / Glass","2mm Al + 1mm Steel","162","120 / 240","-","385","167","80","4","-","mITX / mATX","SFX / SFX-L / ATX","1","1 to 2","-","-","-","-","-","3 to 6","0 to 2","-","-","-","1","1","-","849.00","117.48","","","","25 May 2023",""
"AKLLA","A6M-atx","Classic","350","190","310","20.62","665.00","3","Glass / Mesh","T6 Al","165","120 / 140 / 240 / 280","-","345","170","80","4","-","mITX / mATX","SFX / SFX-L / ATX","","0 to 2","-","-","-","-","-","0 to 4","0 to 4","-","-","-","","1","-","799.00","110.56","","","","25 May 2023",""
"ZZAW","C4","Classic","383","174","310","20.66","666.42","2.2","Glass","1.5-2mm Al","136","120 / 240","-","360","141","80","4","-","mITX / mDTX / mATX","SFX / SFX-L / ATX","2","2","-","-","-","-","2","5","-","-","-","-","1","1","Y","338.00","46.77","","","","25 May 2023",""
"ALmordor","Seiya 180 MATX","Classic","356","195","300","20.83","694.20","5.65","Al","2mm Al + 0.8-1m SPCC Steel","165","120 / 240","-","350","170","80","4","-","mITX / mATX","SFX / SFX-L / ATX","4","2","-","-","-","-","-","5 to 7","0 to 2","-","-","-","1","1","Y","649.00","129.99","","","","25 May 2023",""
"Jonsbo","U3","Classic","270","208","372","20.89","561.60","2.5","Al","1.5-2mm Al","175","120","-","260","180","80","4","-","mITX / mATX","ATX","","1 to 2","-","-","-","-","-","1","-","-","-","-","2","-","Y","359.00","76.00","","","","25 May 2023",""
"Metalfish","T80","Classic","380","173","320","21.04","657.40","3","Glass","1.5mm Al","150","120 / 240","-","360","155","80","4","-","mITX / mATX","SFX / SFX-L / ATX","1","0 to 1","-","-","-","-","1","3 to 5","-","-","-","-","1","1","Y","279.00","38.61","","","","25 May 2023",""
"Cougar","DUST 2","Sandwich","403","175","299","21.09","705.25","6.05","Al","Al","70","120 / 140 / 240 / 280","Y","330","","60","2","-","mITX","ATX","2","0 to 1","-","-","-","-","-","0 to 2","0 to 2","-","-","-","1","1","Y","-","165.00","","","","",""
"SAMA","IS","Classic","396","168","318","21.16","665.28","4.2","Glass","0.7-0.9mm SPCC Steel","138","120 / 240 / 2 x 240","Optional","336","143","60","6","-","mITX","SFX / SFX-L","3","0 to 2","-","-","-","1","-","4 to 6","-","-","-","-","2","-","Y","229.00","31.69","","","","25 May 2023",""
"ABKONCORE","C350M","Classic","315","185","365","21.27","582.75","","Acrylic","Steel","157","120 / 140 / 240 / 280","-","310","162","80","4","-","mITX / mATX","ATX","4","2","-","-","-","-","-","1 to 5","0 to 4","-","-","2","1","-","Y","-","","","","","25 May 2023",""
"Silverstone","GD04","Console","323","440","150","21.32","1421.20","5.54","Steel","8mm Al + 0.8mm SECC Steel","120","-","-","279","124","100","5","-","mITX / mDTX / mATX","ATX","","1 to 2","1","-","-","2 to 3","-","2 to 3","-","-","-","-","2","-","Y","-","","","","","05 Jun 2022",""
"酷冷魔神","X99 Pro","Classic","375","190","300","21.38","712.50","","Acrylic / Steel","1.2-1.5mm Steel","160","120 / 240","-","350","165","80","4","-","mITX / mATX","SFX / SFX-L / ATX","4","1","-","-","-","-","-","5","-","-","-","-","1","1","-","199.00","27.54","","","","",""
"Warhead Design","XL3","NAS","350","215","285","21.45","752.50","3.5","Steel","SGCC Steel","135","120 / 240","Y","330","160","68","2","1","mITX / mATX","ATX","2","1 to 6","-","-","-","-","2","1 to 3","0 to 2","-","-","-","2","1","Y","499.00","69.05","","","","",""
"Riotoro","CR280","Classic","330.2","203.2","320","21.47","670.97","3.3","Steel","Steel","135","120 / 140 / 240","-","290","140","40","2","-","mITX","ATX","2","1","-","-","-","-","-","4 to 5","0 to 1","-","-","-","2","-","Y","-","","","","Discontinued","25 May 2023",""
"Jonsbo","RM2","Classic","302","209","341","21.52","631.18","2.6","Al","1.5-1.8mm Al","95","-","-","290","","120","6","-","mITX / mATX / ATX","ATX","3","1","-","-","-","-","-","1","-","-","-","-","2","-","Y","299.00","65.00","","","","25 May 2023",""
"Streacom","DA6 XL","Open","215","215","466","21.54","462.25","2.5","Open","6063 Al + 304 Steel","","120 / 140 / 240 / 280","Y","358","145","87","3","-","mITX","SFX / SFX-L / ATX","","9","-","Variable","Variable","Variable","Variable","Variable","Variable","-","-","-","","1","-","-","159.43","","","","",""
"Silverstone","GD05","Console","325","440","151","21.59","1430.00","4.7","Steel","Al + 0.8mm SECC Steel","120","-","-","279","125","100","5","-","mITX / mDTX / mATX","ATX","","1 to 2","1","-","-","2 to 3","-","2 to 3","-","-","-","-","2","-","Y","-","","","","","25 May 2023",""
"Mechanic Master","C34","Classic","342","185","342","21.64","632.70","3.5","Glass","2mm Al + 1mm Steel","162","120 / 140 / 240 / 280","-","335","167","140","9","-","mITX / mATX / ATX / E-ATX (315x315)","SFX / ATX","4","0 to 2","-","-","-","-","-","0 to 7","0 to 4","-","-","-","1","1","-","849.00","117.48","","","","01 Jun 2023",""
"Silverstone","DS380","NAS","360","211","285","21.65","759.60","","Steel","Steel","57","-","-","279","111","40","2","-","mITX / mDTX","SFX / SFX-L","","0 to 8","-","-","-","-","-","3","-","-","-","-","2","-","Y","-","187.00","","","","06 Sep 2021",""
"ZZAW","C3","Classic","410","170","313","21.82","697.00","2.3","Glass","1.5mm Al","137","120 / 240 / 360","Optional","405","152","90","4","-","mITX / mDTX / mATX","SFX / SFX-L / ATX","4","1","-","-","-","-","1","8","-","-","-","-","1","-","-","299.00","41.37","","","","02 Jan 2022",""
"InWin","A1","Classic","357","224","273","21.83","799.68","6","Glass","SECC Steel","160","120","-","320","165","55","2","-","mITX","ATX","2","-","-","-","-","-","-","4","-","-","-","-","2","-","Y","-","199.00","","","","25 May 2023",""
"InWin","A1 Plus","Classic","357","224","273","21.83","799.68","6","Glass","SECC Steel","160","120","-","320","165","55","2","-","mITX","ATX","2","-","-","-","-","-","-","4","-","-","-","-","2","-","Y","-","199.00","","","","25 May 2023",""
"InWin","A1 Prime","Classic","357","224","273","21.83","799.68","6.14","Glass","SECC Steel","160","120","-","320","165","55","2","-","mITX","ATX","2","-","-","-","-","-","-","4","-","-","-","-","2","-","Y","-","249.00","","","","15 May 2023",""
"SAMA","IM01","Classic","391","185","303","21.92","723.35","","Glass / Steel","SPCC Steel","155","120 / 240","Optional","335","160","80","6","-","mITX / mATX","SFX / ATX","3","3","-","-","-","1","-","6","-","-","-","-","2","-","Y","299.00","41.37","","","","25 May 2023",""
"MONTECH","SKY ONE MINI","Classic","355","196","315","21.92","695.80","4.9","Glass","0.8mm SGCC Steel","160","120","-","315","165","80","4","-","mITX / mATX","SFX / ATX","","0 to 1","-","-","-","-","-","1 to 4","0 to 3","-","-","1","2","-","Y","-","69.99","","","","25 May 2023",""
"Warhead Design","Treasure Pro","NAS","292","328.5","228.5","21.92","959.22","","Steel","Al + Steel","80","-","-","280","70","120","","6","mITX / mATX / ATX","Flex ATX / 1U / SFX / SFX-L","","8","-","-","-","-","-","2","-","-","-","-","1","-","-","1,399.00","193.59","","","","10 May 2023",""
"Sapphire","M01","Classic","392","185","303","21.97","725.20","5.3","Glass / Steel","SPCC Steel","155","120 / 240","-","335","160","80","4","-","mITX / mATX","SFX / ATX","","0 to 3","-","-","-","-","1","0 to 6","-","-","-","-","2","-","Y","499.00","69.05","","","","25 May 2023",""
"Jonsbo","VR1","Classic","238","239","386.5","21.98","568.82","5.7","Glass","Al","190","-","-","320","195","40","2","-","mITX","ATX","2","1","-","-","-","-","-","2","-","-","-","-","2","-","Y","-","","","","","25 May 2023",""
"ZZAW","C1","Classic","313","165","428","22.10","516.45","2.9","Glass","2mm Al","140","120 / 240","-","359","145","93","4","-","mITX / mATX","ATX","2","1","-","-","-","-","1","2","-","-","-","-","2","-","-","448.00","61.99","","","","25 May 2023",""
"Raijintek","Metis Evo","Classic","290","293","263","22.35","849.70","4.35","Glass","2mm Al + 0.8mm SPCC Steel","135","120 / 140","-","280","140","40","2","-","mITX","SFX / ATX","2","2","-","-","-","-","3","1 to 2","0 to 1","-","-","-","1","1","-","-","149.90","","","","25 May 2023",""
"Silverstone","GD06","Console","340","440","150","22.44","1496.00","5.6","Steel","Al + 0.8mm SECC Steel","120","-","-","279","125","100","5","-","mITX / mDTX / mATX","ATX","","3 to 4","1","-","-","2 to 3","-","2 to 3","-","-","-","-","2","-","Y","-","","","","","25 May 2023",""
"Silverstone","SG02-F","Classic","393","270","212","22.50","1061.10","4.1","Steel","SECC Steel","82","-","-","368","113","80","4","-","mITX / mDTX / mATX","ATX","","2 to 3","2","-","-","3","-","-","-","-","-","-","3","-","Y","-","115.00","","","","",""
"Silverstone","SG11","Classic","393","270","212","22.50","1061.10","4.45","Steel","Plastic + Steel","82","-","-","368","113","80","4","-","mITX / mDTX / mATX","ATX","","0 to 3","1","-","-","2","-","1","-","-","-","-","2","-","Y","-","","","","","05 Jun 2022",""
"Phanteks","Evolv Shift","Sandwich","274","170","484","22.54","465.80","6.6","Glass","Al + Steel","82","2 x 120","Y","350","","40","2","-","mITX","SFX / SFX-L","3","1","-","-","-","-","-","0 to 3","0 to 3","-","-","-","2","-","-","-","109.99","","","Discontinued","02 Jan 2022",""
"Phanteks","Evolv Shift Air","Sandwich","274","170","484","22.54","465.80","5","Mesh","Al + Steel","82","2 x 120","Y","350","","40","2","-","mITX","SFX / SFX-L","3","1","-","-","-","-","-","0 to 3","0 to 3","-","-","-","2","-","-","-","109.99","","","Discontinued","02 Jan 2022",""
"Thermaltake","Core V1","Classic","316","260","276","22.68","821.60","","Acrylic","SPCC Steel","140","120 / 140","-","285","145","46.5","2","-","mITX","ATX","2","2","-","-","-","2","-","0 to 1","0 to 1","-","0 to 1","-","2","-","Y","-","50.99","","","","25 May 2023",""
"Silverstone","CS351","NAS","411","265","209","22.76","1089.15","5","Steel","Plastic + Steel","82","-","-","368","","80","4","-","mITX / mDTX / mATX","ATX","","2 to 7","-","3","-","3","-","-","-","-","-","-","2","1","Y","-","","","","","25 Jan 2024",""
"Phanteks","Evolv Shift 2","Sandwich","274","170","490","22.82","465.80","6.8","Glass","Al + Steel","85","120","Y","335","150","59","2","-","mITX","SFX / SFX-L","4","1","-","-","-","-","-","0 to 3","0 to 3","-","-","-","2","-","-","-","109.99","","","","",""
"Phanteks","Evolv Shift 2 Air","Sandwich","274","170","490","22.82","465.80","4.9","Mesh","Al + Steel","85","120","Y","335","150","59","2","-","mITX","SFX / SFX-L","4","1","-","-","-","-","-","0 to 3","0 to 3","-","-","-","2","-","-","-","109.99","","","","",""
"Thermaltake","Suppressor F1","Classic","319","260","276","22.89","829.40","3.2","Acrylic","SPCC Steel","140","120 / 140","-","285","145","40","2","-","mITX","ATX","2","2","-","-","-","2","-","0 to 1","0 to 1","-","-","-","2","-","Y","-","69.99","","","","25 May 2023",""
"Silverstone","SG09","Classic","354","220","295","22.97","778.80","5.3","Steel","Plastic + Steel","165","-","-","337","170","80","4","-","mITX / mDTX / mATX","ATX","4","2","1 (Slim)","-","-","1 to 3","0 to 3","1 to 2","0 to 1","-","-","-","2","-","Y","-","","","","","25 May 2023",""
"Silverstone","SG10","Classic","354","220","295","22.97","778.80","5.8","Steel","Al + Steel","165","-","-","337","170","80","4","-","mITX / mDTX / mATX","ATX","4","2","1 (Slim)","-","-","1 to 3","0 to 3","1 to 2","0 to 1","-","-","-","2","-","Y","-","","","","","25 May 2023",""
"Silverstone","SG12","Classic","412","266","210","23.01","1095.92","5","Steel","Al + Steel","82","-","-","368","113","80","4","-","mITX / mDTX / mATX","ATX","","0 to 3","1","-","-","2","-","1","-","-","-","-","1","1","Y","-","","","","","05 Jun 2022",""
"Sliger","Cerberus X","Classic","380","172","358","23.40","653.60","4.9","Acrylic / Al","2mm 5052 Al + 0.8mm Steel","149","120 / 140 / 240 / 280","-","330","153","160","8","-","mITX / mATX / ATX / SSI-EEB","SFX / SFX-L / ATX","2","-","-","-","-","-","-","3","2","-","-","-","2","-","-","-","265.00","Link","Link","","25 May 2023",""
"Mini Computers","Gecko V","Classic","358","153","429","23.50","547.74","4.7","Al / Glass","4mm Al","127","120 / 240 / 360","Optional","346","190","60","3","-","mITX / mATX / ATX","SFX / SFX-L","2","-","-","-","-","-","-","5 to 6","-","-","-","-","2","-","-","-","243.00","","","Discontinued","25 Feb 2022",""
"Gamemax","Abyss ITX","Sandwich","426","170","325","23.54","724.20","5.1","Acrylic / Glass","0.8mm SPCC Steel","50","120 / 240","Y","320","","40","2","-","mITX","SFX","2","-","-","-","-","-","-","4","-","-","-","-","2","-","Y","-","","","","","",""
"Gamemax","Ultra Star","Sandwich","426","170","325","23.54","724.20","5.1","Glass / Steel","0.8mm SPCC Steel","50","120 / 240","Y","320","","40","2","-","mITX","SFX","2","-","-","-","-","-","-","4","-","-","-","-","2","-","Y","-","","","","","",""
"Thermaltake","Core G3","Classic","371","140","454","23.58","519.40","4.2","Acrylic","SPCC Steel","110","120 / 240","Y","310","","40","2","-","mITX / mATX / ATX","SFX","","0 to 2","-","-","-","-","-","3","-","-","-","2","2","-","Y","-","84.99","","","","25 May 2023",""
"Mini Computers","Gecko V V2","Classic","357","153","433","23.65","546.21","4.7","Glass","4mm Al","127","120 / 240 / 360","Y","285","190","60","3","-","mITX / mATX / ATX","SFX / SFX-L","2","-","-","-","-","-","-","6","-","-","-","-","2","-","-","-","228.00","","","","25 Feb 2022",""
"AeroCool","CS-109","Classic","314.8","195","385.4","23.66","613.86","","Glass / Steel","ABS + 0.5mm SPCC Steel","156","120","-","260","161","80","4","-","mITX / mATX","ATX","4","2","-","-","-","-","-","3","-","-","-","2","1","-","Y","-","","","","","25 May 2023",""
"AeroCool","Evo Mini","Classic","314.8","195","385.4","23.66","613.86","","Glass","0.5mm SPCC Steel","156","120","-","260","161","80","4","-","mITX / mATX","ATX","4","2","-","-","-","-","-","3","-","-","-","2","1","-","Y","-","","","","","25 May 2023",""
"AeroCool","CS-107","Classic","340.6","197.5","353","23.75","672.69","","Acrylic","ABS + 0.45mm SPCC Steel","157","120 / 240","-","286","162","80","4","-","mITX / mATX","ATX","2","1","-","-","-","-","-","3","-","-","-","1","1","-","Y","-","","","","","25 May 2023",""
"Lian Li","TU150","Classic","375","203","312","23.75","761.25","3.6","Al / Glass","1.5mm Al + 0.8-1mm SPCC Steel","165","120","-","320","170","60","3","-","mITX / mDTX","SFX / SFX-L","","0 to 1","-","-","-","-","-","4","-","-","-","-","2","1","Y","-","109.99","","","","25 May 2023",""
"ZZAW","C1+","Classic","338","165","428","23.87","557.70","2.7","Glass","1.5-2mm Al","138","120 / 140 / 240 / 280","-","340","143","80","4","-","mITX / mATX","ATX","2","2","-","-","-","-","1","2 to 4","0 to 2","-","-","-","1","1","Y","448.00","61.99","","","","19 Jul 2022",""
"AeroCool","CS-104","Classic","340.6","199","353","23.93","677.79","","Steel","ABS + 0.4mm SPCC Steel","167","120 / 240","-","286","172","80","4","-","mITX / mATX","ATX","2","1","1","-","-","-","-","3 to 4","-","-","-","2","1","-","Y","-","","","","","25 May 2023",""
"AeroCool","CS-106","Classic","340.6","199","353","23.93","677.79","","Steel","ABS + 0.45mm SPCC Steel","167","120","-","286","172","80","4","-","mITX / mATX","ATX","2","1","-","-","-","-","-","4","-","-","-","1","1","-","Y","-","","","","","25 May 2023",""
"AeroCool","CS-105","Classic","355","187","361","23.96","663.85","2.25","Steel","ABS + Acrylic + 0.5mm SPCC Steel","148","120","-","320","153","80","4","-","mITX / mATX","ATX","1","2","1","-","-","3","-","0 to 1","0 to 1","-","-","1","1","-","Y","-","","","","","25 May 2023",""
"Gamemax","Stratos ITX","Sandwich","435","170","325","24.03","739.50","5.1","Acrylic / Glass","0.8mm SPCC Steel","50","120 / 240","Y","320","","40","2","-","mITX","SFX","2","-","-","-","-","-","-","4","-","-","-","-","2","-","Y","-","","","","","",""
"Cubeor","Vault 2","Classic","256","220","429","24.16","563.20","5","Wood","Wood + Steel","195","120 / 140 / 240 / 280 / 360","-","350","200","70.5","3","-","mITX","SFX / SFX-L","","0 to 2","-","-","-","-","-","0 to 3","0 to 2","-","-","-","1","1","Y","-","175.76","","","","25 May 2023",""
"ZZAW","C3P","Classic","425","182","313","24.21","773.50","2.4","Glass","1.5mm Al","151","120 / 240 / 360 / 2 x 360","Optional","410","160","80","4","-","mITX / mDTX / mATX","ATX","4","1","-","-","-","-","1","9","-","-","-","-","1","1","Y","328.00","45.39","","","","07 Jan 2023",""
"InWin","901","Classic","400","173","350","24.22","692.00","6.71","Glass","Al","127","-","-","300","124","40","2","-","mITX","ATX","","0 to 2","1","-","-","-","1","1","-","-","-","-","2","-","Y","-","","","","Discontinued","15 May 2023",""
"Razer","Tomahawk Mini-ITX","Classic","367.2","206.2","321.5","24.34","757.17","5.8","Glass","0.8mm SPCC Steel","165","120 / 240","-","320","170","60","3","-","mITX / mDTX","SFX / SFX-L","3","-","-","-","-","-","-","6","-","-","-","-","2","1","Y","-","179.99","","","","25 May 2023",""
"AeroCool","CS-102","Classic","372","190","345","24.38","706.80","1.9","Steel","0.4mm Steel","150","-","-","240","155","80","4","-","mITX / mATX","ATX","2","3","1","-","-","1","-","1","-","-","-","1","1","-","Y","-","","","","","25 May 2023",""
"G.Skill","Z5i","Sandwich","307.5","190","417.5","24.39","584.25","5.8","Glass","Al","70","120 / 140 / 240 / 280","Y","330","","60","3","-","mITX","SFX","2","0 to 1","-","-","-","-","-","0 to 2","0 to 2","-","-","-","2","1","-","1,380.00","199.99","","","","22 Dec 2021",""
"Jonsbo","UMX3","Classic","358","188","365","24.57","673.04","4.15","Al / Glass","2mm Al + 1-1.2mm SGCC Steel","163","-","-","320","168","80","4","-","mITX / mATX","ATX","4","1","-","-","-","-","-","1","1","-","-","2","2","-","Y","549.00","106.03","","","","25 May 2023",""
"Streacom","F12C","Console","320","440","175","24.64","1408.00","4.4","Al","4mm 6063 Al","135","120 / 140 / 240","-","310","130","140","7","-","mITX / mATX / ATX","ATX","","5 to 12","1 (Slot)","-","-","Variable","Variable","Variable","Variable","-","-","-","2","-","-","-","","","","","05 Jun 2022",""
"Corsair","2000D AIRFLOW","Classic","271","200","458","24.82","542.00","4.5","Mesh","Steel","170","120 / 140 / 240 / 280 / 360","-","365","175","60","3","-","mITX","SFX / SFX-L","3","-","-","-","-","-","-","5 to 8","0 to 2","-","-","-","2","1","Y","-","139.99","","","","25 May 2023",""
"Corsair","2000D RGB AIRFLOW","Classic","271","200","458","24.82","542.00","4.5","Mesh","Steel","170","120 / 140 / 240 / 280 / 360","-","365","175","60","3","-","mITX","SFX / SFX-L","3","-","-","-","-","-","-","5 to 8","0 to 2","-","-","-","2","1","Y","-","199.99","","","","25 May 2023",""
"Raijintek","Ophion Elite","Classic","302","180","458","24.90","543.60","5.1","Mesh","0.8mm SPCC Steel","130","120 / 140 / 240","-","320","135","60","3","-","mITX","SFX / ATX","","0 to 3","-","-","-","1","-","0 to 6","0 to 6","-","-","-","2","1","Y","-","129.99","","","","25 May 2023",""
"Deng Studio","M25","Classic","370","198","340","24.91","732.60","5.5","Glass","Al","165","120 / 140 / 240 / 280","-","","170","100","5","-","mITX / mATX","SFX / ATX","2","2 to 10","-","-","-","-","2","3 to 5","0 to 2","-","-","-","1","-","-","1,759.00","243.41","","","","25 May 2023",""
"Cryorig","TAKU","Console","310","570","142","25.09","1767.00","5.3","Al","2mm Al","48","-","Y","280","134","40","2","-","mITX","SFX / SFX-L","2","1","-","-","-","-","-","-","-","-","-","-","2","-","Y","-","329.99","","","","15 Aug 2023",""
"ALmordor","Sparkle 170M Lite","Classic","410","170","360","25.09","697.00","5","Glass","0.6-1mm SPCC Steel","145","120 / 240","-","360","150","100","5","-","mITX / mATX","ATX","","0 to 1","-","-","-","1","-","3 to 5","-","-","-","-","2","-","Y","-","99.99","","","","25 May 2023",""
"ALmordor","Sparkle 170M Matx","Classic","410","170","360","25.09","697.00","4.35","Glass","1.5mm Al +0.6-1.2mm SPCC Steel","145","120 / 240","-","360","150","100","5","-","mITX / mATX","ATX","","0 to 1","-","-","-","1","-","3 to 5","-","-","-","-","2","-","Y","-","99.99","","","","25 May 2023",""
"ABEE","AS Enclosure RS07","Classic","239","234","450","25.17","559.26","7.3","Al","1.2-25mm Al + SPCC Steel","184","120 / 240","-","315","189","50","2","-","mITX","SFX / SFX-L / ATX","1","1","-","-","-","-","-","0 to 3","0 to 1","-","0 to 1","-","1","1","Y","-","499.00","","","","25 May 2023",""
"Metalfish","T90","Classic","336","226","332","25.21","759.36","3.5","Glass","1.5mm Al","135","120 / 240","-","320","140","80","4","-","mITX / mATX","SFX / SFX-L","2","1","-","-","-","-","2 to 5","4 to 8","-","-","-","-","1","1","Y","218.00","30.17","","","","25 May 2023",""
"Silverstone","LD03","Classic","230","265","414","25.23","609.50","5.34","Glass","Steel","190","2 x 120","-","309","167","48","2","-","mITX / mDTX","SFX / SFX-L","","0 to 1","-","-","-","-","-","2","-","-","-","-","2","-","Y","-","119.99","","","","",""
"Silverstone","LD03-AF","Classic","230","265","414","25.23","609.50","5.22","Glass","Steel","190","2 x 120","-","309","167","48","2","-","mITX / mDTX","SFX / SFX-L","","0 to 1","-","-","-","-","-","2","-","-","-","-","1","1","Y","-","119.99","","","","",""
"Jonsbo","V8","Classic","390","249.5","260","25.30","973.05","5.8","Mesh","2-2.5mm Al + 1mm Steel","195","-","-","330","200","40","2","-","mITX / mDTX","ATX","1","2","-","-","-","-","-","2 to 3","0 to 1","-","1","-","1","1","Y","599.00","83.86","","","","25 May 2023",""
"SKTC","Q3","Classic","360","210","335","25.33","756.00","3.8","Acrylic / Al / Glass","Al + SPCC Steel","180","120 / 240","-","280","185","100","5","-","mITX / mATX","ATX","","1 to 3","-","-","-","-","-","4","-","-","-","-","2","-","Y","299.00","41.37","","","","25 May 2023",""
"Raijintek","Styx","Classic","360","210","335","25.33","756.00","3.8","Acrylic / Al","1.5mm Al + 0.5mm SPCC Steel","180","120 / 240","-","280","185","100","5","-","mITX / mATX","ATX","","1 to 3","1 (Slim)","-","-","-","-","4","-","-","-","-","2","-","Y","-","79.99","","","","25 May 2023",""
"Captain S.","V12","Classic","388","186","355","25.62","721.68","","Al / Glass","4-6mm 6061-T6 Al","165","140 / 280","-","378","170","140","7","-","mITX / mATX / ATX","SFX / ATX","","0 to 1","-","-","-","-","-","?","?","-","-","-","","-","-","1,699.00","235.10","","","","25 May 2023",""
"Metallic Gear","Neo G Mini V2","Classic","380","190","355","25.63","722.00","4.9","Glass","Al + Steel","160","120 / 140 / 240 / 280","-","345","165","60","3","-","mITX","ATX","2","1","-","-","-","-","-","2 to 4","0 to 2","-","-","-","2","-","Y","-","","","","","25 May 2023",""
"Metallic Gear","Neo Mini V2","Classic","380","190","355","25.63","722.00","4.9","Glass","Al + Steel","160","120 / 140 / 240 / 280","-","345","165","40","2","-","mITX","ATX","2","1","-","-","-","-","-","3 to 5","0 to 2","-","-","-","2","-","Y","-","69.99","","","","25 May 2023",""
"Silverstone","PS15","Classic","351","192","381","25.68","673.92","3.52","Glass / Steel","Steel","154","120 + 240","-","314","151","80","4","-","mITX / mDTX / mATX","ATX","","0 to 1","-","-","-","-","-","1 to 5","0 to 3","-","-","-","2","-","Y","-","49.99","","","","",""
"AeroCool","CS-108","Classic","383","189","356","25.77","723.87","","Steel","ABS + 0.45mm SPCC Steel","151","120","-","336","156","80","4","-","mITX / mATX","ATX","3","2","-","-","-","0 to 1","0 to 1","3","-","-","-","1","1","-","Y","-","","","","","25 May 2023",""
"Salvo Studios","S700","Sandwich","393.7","168.3","390.5","25.87","662.50","","Acrylic","Steel","63","2 x 280","Y","","","50","4","-","mITX / mATX / ATX / SSI-EEB","SFX / SFX-L","","0 to 1","-","-","-","-","-","1","4","-","-","-","2","1","Y","-","150.00","","","","18 Feb 2022",""
"Jonsplus","i 100 Pro","Classic","435","194","307","25.91","843.90","6.7","Al / Glass","3mm Al + 1-1.5mm Steel","166","120 / 240 / 280 / 360","Optional","373","160","62","2","-","mITX / mDTX","SFX / ATX","","0 to 1","-","-","-","-","-","0 to 6","0 to 4","-","-","-","1","1","Y","-","269.99","","","","15 May 2023",""
"ABEE","AS Enclosure W1","Classic","360.5","240","300","25.96","865.20","","Al","1.2-3mm Al","150","120 / 240","-","310","155","80","4","-","mITX / mATX","SFX / SFX-L","1","1","-","-","-","2","-","2","-","-","-","-","1","1","Y","-","239.00","","","","25 May 2023",""
"InWin","301","Classic","365","188","379","26.01","686.20","6.57","Glass","SECC Steel","160","120 +240","-","330","165","80","4","-","mITX / mATX","ATX","","0 to 1","-","-","-","-","-","5","-","-","-","-","2","-","Y","-","69.98","","","","25 May 2023",""
"SAMA","IM01 Pro (without top hat)","Classic","391","205","325","26.05","801.55","","Glass","0.7-1mm Steel","166","-","-","355","171","80","4","-","mITX / mATX","SFX / SFX-L / ATX","","0 to 3","-","-","-","-","-","2 to 7","0 to 3","-","-","-","2","1","Y","379.00","85.00","","","","21 Aug 2023",""
"Silverstone","SUGO 17","Classic","451","202","286","26.06","911.02","5.78","Steel","Al + Plastic + Steel","170","120 / 140 / 240 / 280 / 360 / 2 x 360","-","400","174","98","4","-","mITX / mDTX / mATX","SFX / SFX-L / ATX","","0 to 1","-","-","-","4","-","4 to 7","0 to 2","-","-","-","2","1","Y","-","239.99","","","","26 Sep 2023",""
"Lian Li","Dan Cases A3","Classic","442","194","306","26.24","857.48","","Mesh","Steel","165","120 / 140 / 240 / 280 / 360 / 2 x 360","-","430","160","90","4","-","mITX / mATX","SFX / SFX-L / ATX","","?","-","-","-","-","-","4 to 10","0 to 4","-","-","-","2","1","Y","","69.99","","","","",""
"Jonsbo","D30","Classic","401","204","325","26.59","818.04","4.36","Glass","1.5mm Al + 0.6mm Steel","168","120 / 140 / 240 / 2 x 240","-","355","173","80","4","-","mITX / mDTX / mATX","ATX","","0 to 1","-","-","-","-","-","1 to 6","0 to 4","-","-","-","1","1","Y","399.00","109.99","","","","25 May 2023",""
"Fractal Design","Define Nano S","Classic","400","203","330","26.80","812.00","5","Acrylic / Al","Steel","162","120 / 140 / 240 / 280","-","315","167","39","2","-","mITX","ATX","","0 to 2","-","-","-","-","-","2 to 5","0 to 3","-","-","-","2","-","Y","-","56.99","","Link","","25 May 2023",""
"Silverstone","FARA 311","Classic","410","183","360","27.01","750.30","3.48","Steel","Plastic + Steel","156","120 / 140 / 240","-","354","161","80","4","-","mITX / mATX","ATX","","1 to 3","0 to 1","-","-","-","-","1 to 3","0 to 2","-","-","1","2","-","Y","-","69.99","","","","15 May 2023",""
"Fractal Design","Meshify 2 Nano","Classic","384","205","345","27.16","787.20","5.9","Glass","Steel","167","120 / 140 / 240 / 280","-","331","171","57","2","-","mITX / mDTX","ATX","","0 to 1","-","-","-","-","-","1 to 6","0 to 3","-","-","-","2","1","Y","-","99.99","","","","25 May 2023",""
"NZXT","H210","Classic","372","210","349","27.26","781.20","5.9","Glass","SGCC Steel","165","120 + 240","-","325","170","44","2","-","mITX","ATX","","1","-","-","-","-","-","2 to 4","0 to 2","-","-","-","1","1","Y","-","80.00","","","","25 May 2023",""
"NZXT","H210i","Classic","372","210","349","27.26","781.20","5.9","Glass","SGCC Steel","165","120 + 240","-","325","170","44","2","-","mITX","ATX","","1","-","-","-","-","-","2 to 4","0 to 2","-","-","-","1","1","Y","-","109.99","","","","25 May 2023",""
"Chieftec","BX-10B-OP","Classic","415","204","325","27.51","846.60","4.78","Glass","0.6mm SPCC Steel","165","120 / 240","-","380","170","80","4","-","mITX / mATX","ATX","","0 to 1","-","-","-","-","-","1 to 6","0 to 4","-","-","-","1","1","Y","-","83.35","","","","25 May 2023",""
"Nanoxia","Project S Midi Rev B","Console","383","431","167","27.57","1650.73","","Glass","Al","110","120 + 240","-","330","","80","4","-","mITX / mATX","ATX","4","2","-","-","2","-","-","3","-","-","-","-","2","1","Y","-","179.99","","","","",""
"Fractal Design","Define 7 Nano","Classic","390","205","345","27.58","799.50","7.1","Glass / Steel","Al + Steel","167","120 / 140 / 240 / 280","-","331","172","57","2","-","mITX / mDTX","ATX","","0 to 1","-","-","-","-","-","1 to 6","0 to 3","-","-","2","2","1","Y","-","99.99","","","","25 May 2023",""
"Raijintek","Thetis","Classic","360","210","366","27.67","756.00","4.8","Al / Glass","1.5mm Al + 1mm SPCC Steel","170","120 / 240","-","320","175","140","7","-","mITX / mATX / ATX","ATX","2","2","-","-","-","-","-","4","-","-","-","-","2","-","Y","-","","","","","11 Aug 2023",""
"Jonsbo","RM3","Classic","336","215","385","27.81","722.40","7.3","Glass","1.5-4mm Al + 1mm SGCC Steel","170","120","-","310","175","80","4","-","mITX / mATX","ATX","","0 to 2","-","-","-","-","-","2","1","-","-","-","2","-","Y","499.00","109.80","","","","25 May 2023",""
"SKTC","Q5","Classic","360","210","370","27.97","756.00","4.9","Acrylic / Al / Glass","Al + SPCC Steel","170","120 + 240","-","300","175","140","7","-","mITX / mATX / ATX","ATX","2","2","-","-","-","-","-","4","-","-","-","-","2","-","Y","379.00","52.45","","","","25 May 2023",""
"Corsair","250D","Classic","351","277","290","28.20","972.27","4.42","Al","Al + Steel","140","120 / 140 / 240","-","290","145","40","2","-","mITX","ATX","","0 to 2","1","-","-","2","-","1 to 3","0 to 1","-","0 to 1","-","2","-","Y","-","89.99","","","","25 May 2023",""
"Gamemax","Spark","Classic","413","204","337","28.39","842.52","","Glass","0.6-0.8mm SPCC Steel","168","120 / 240","-","355","173","80","4","-","mITX / mDTX / mATX","ATX","","0 to 1","-","-","-","-","-","1 to 6","0 to 4","-","-","-","1","1","Y","-","","","","","25 May 2023",""
"Cooler Master","Q300L V2","Classic","370","210","370","28.75","777.00","4.35","Glass","Plastic + Steel","159","120 / 240","-","360","164","80","4","-","mITX / mATX","ATX","2","1","-","-","-","-","-","4 to 6","0 to 2","-","-","-","2","1","Y","-","59.99","","","","04 Sep 2023",""
"SAMA","IM01 Pro (with top hat)","Classic","391","205","362","29.02","801.55","","Glass","0.7-1mm Steel","166","120 / 140 / 240 / 280","-","355","171","80","4","-","mITX / mATX","SFX / SFX-L / ATX","","0 to 5","-","-","-","-","-","2 to 8","0 to 4","-","-","-","2","1","Y","379.00","85.00","","","","21 Aug 2023",""
"Sharkoon","Rebel C20 ITX","Classic","471","208","301","29.49","979.68","6.2","Steel","Steel","175","120 / 140 / 240 / 280 / 360","-","365","180","80","3","-","mITX","SFX / SFX-L","5","1","-","-","-","-","-","3 to 9","0 to 4","-","-","-","2","1","Y","-","148.29","","","","16 Apr 2024",""
"Jonsbo","U4","Classic","340","205","428","29.83","697.00","4.8","Al / Glass","1.5-2mm Al + 1mm SGCC Steel","170","120 + 140","-","305","175","140","7","-","mITX / mATX / ATX","ATX","","1 to 2","-","-","-","-","-","4","-","-","-","-","2","-","Y","299.00","75.53","","","","25 May 2023",""
"InWin","A3","Classic","401","215","347","29.92","862.15","5.24","Glass","Al + Plastic + SECC Steel","162","120 / 240","-","340","167","80","4","-","mITX / mATX","ATX","","0 to 2","-","-","-","-","-","5","-","-","-","-","2","1","Y","-","95.00","","","","25 May 2023",""
"Phanteks","Eclipse P200A Performance","Classic","400","205","365","29.93","820.00","5.3","Steel","Steel","165","120 / 140 / 240 / 280","Optional","355","170","65","3","-","mITX / mDTX","ATX","4","0 to 4","-","-","-","-","-","5 to 7","0 to 2","-","-","-","2","-","Y","-","50.00","","","","25 May 2023",""
"Mechanic Master","C34 pro","Classic","429","205","349","30.69","879.45","3.5","Glass","2mm Al + 1mm Steel","165","120 / 140 / 240 / 2x240 / 280 / 360 / 2x360","Optional","420","150","140","7","-","mITX / mATX / ATX / SSI-EEB","SFX / SFX-L / ATX","2","0 to 4","-","-","-","-","-","11","0 to 2","-","-","-","2","1","Y","949.00","131.32","","","","14 Aug 2023",""
"Fractal Design","Meshify 2 Mini","Classic","384","205","390","30.70","787.20","6.62","Glass","Steel","167","120 / 140 / 240 / 280 / 240 + 280","-","331","172","80","4","-","mITX / mDTX / mATX","ATX","","0 to 2","-","-","-","-","-","1 to 7","0 to 4","-","-","-","2","1","Y","-","109.99","","","","25 May 2023",""
"Gamemax","M60","Classic","389","193","410","30.78","750.77","","Steel","0.6mm SECC Steel","155","120","-","340","160","80","4","-","mITX / mATX","ATX","2","2","-","-","-","-","-","3","-","-","-","2","1","-","Y","-","","","","","25 May 2023",""
"Phanteks","Evolv Shift X","Sandwich","274","170","663","30.88","465.80","9.5","Glass","Al + Steel","82","120 / 140 / 240 / 280","Y","529","","40","2","-","mITX","SFX / SFX-L / ATX","4","2","-","-","-","-","-","0 to 4","0 to 4","-","-","-","2","-","Y","-","149.99","","","Discontinued","02 Jan 2022",""
"Silverstone","GD11","Classic","399","440","176","30.90","1755.60","","Steel","Plastic + Steel","146","120 / 240","-","340","151","140","7","-","mITX / mATX / ATX / SSI-CEB","ATX","","2 to 3","-","-","-","2","-","5","-","-","-","-","2","1","Y","-","","","","","16 Jun 2022",""
"Silverstone","ALTA G1M","Classic","307","200","507","31.13","614.00","6","Steel","Plastic + Steel","159","120 / 240 / 360","-","355","164","80","4","-","mITX / mATX","SFX / SFX-L","","0 to 4","-","-","-","-","-","0 to 5","-","1","-","-","2","1","Y","-","170.00","","","","25 May 2023",""
"Fractal Design","Define 7 Mini","Classic","390","205","390","31.18","799.50","6.84","Glass / Steel","Al + Steel","167","120 / 140 / 240 / 280 / 240 + 280","-","331","172","80","4","-","mITX / mDTX / mATX","ATX","","0 to 2","-","-","-","-","-","1 to 7","0 to 4","-","-","2","2","1","Y","-","109.99","","","","25 May 2023",""
"Shiny Snake","G500","Classic","403","219","355","31.33","882.57","4.2","Glass","Al + SPCC Steel","170","120 / 240","-","400","175","100","5","-","mITX / mATX","ATX","3","1","-","-","-","-","-","6","-","-","-","-","1","1","-","229.00","31.69","","","","",""
"Jonsbo","D31","Classic","440","205","347.5","31.34","902.00","6.5","Glass","0.6-0.7mm Steel","168","120 / 140 / 240 / 280 / 360 / 2 x 360","-","400","173","80","4","-","mITX / mDTX / mATX","SFX / SFX-L / ATX","2","1","-","-","-","-","-","2 to 8","0 to 4","-","-","-","1","1","Y","-","144.99","","","","25 May 2023",""
"Jonsbo","TK-1","Classic","310","299","345","31.98","926.90","5.9","Glass","1-2.5mm Steel","165","120 / 240","-","280","170","80","4","-","mITX / mATX","ATX","","1 to 2","-","-","-","-","-","4","-","-","-","-","1","1","Y","-","","","","","25 May 2023",""
"Silverstone","FT03","Classic","284","235","487","32.50","667.40","6.7","Al","Al + Steel","167","120","-","349","172","80","4","-","mITX / mDTX / mATX","ATX","1","3","1 (Slot)","-","-","2 to 3","0 to 1","3","-","-","-","-","2","-","Y","-","","","","Discontinued","25 May 2023",""
"Thermaltake","The Tower 100 Mini","Classic","266","266","462.8","32.75","707.56","6.1","Glass","SPCC Steel","190","120","-","330","195","40","2","-","mITX","ATX","2","0 to 2","-","-","-","-","-","0 to 3","0 to 3","-","-","-","2","1","Y","-","119.99","","","","25 May 2023",""
"Asus","Prime AP201","Classic","460","205","350","33.01","943.00","5.8","Mesh","Steel","170","120 / 140 / 240 / 280 / 360","-","338","175","80","4","-","mITX / mATX","ATX","","0 to 3","-","-","-","-","-","3 to 6","0 to 2","-","-","-","2","1","Y","-","79.99","","","","25 May 2023",""
"Fractal Design","Meshify C Mini","Classic","395","212","399","33.41","837.40","6.28","Glass","Steel","172","120 / 140 / 240 / 280 / 240 + 280","-","335","177","100","5","-","mITX / mATX","ATX","","0 to 2","-","-","-","-","-","1 to 7","0 to 4","-","-","-","2","-","Y","-","99.99","","","","25 May 2023",""
"Cooler Master","QUBE 500","Classic","380","231","381","33.44","877.80","7.8","Glass / Steel","Plastic + Steel","172","120 / 140 / 240 / 280","-","365","177","140","7","-","mITX / mDTX / mATX / ATX / E-ATX (305x296)","SFX / SFX-L / ATX","3","4","-","-","-","-","-","1 to 9","0 to 8","-","-","-","2","1","Y","-","79.99","","","","",""
"Gamemax","Spark Pro","Classic","413","204","398","33.53","842.52","","Glass","0.6-0.8mm SPCC Steel","168","120 / 240","-","355","173","140","7","-","mITX / mDTX / mATX / ATX","ATX","","0 to 1","-","-","-","-","-","1 to 6","0 to 4","-","-","-","1","1","Y","-","","","","","25 May 2023",""
"Gamemax","MeshBox","Classic","413","204","398","33.53","842.52","","Mesh","0.6-0.8mm SPCC Steel","168","120 / 240","-","355","173","140","7","-","mITX / mDTX / mATX / ATX","ATX","","0 to 1","-","-","-","-","-","1 to 6","0 to 4","-","-","-","1","1","Y","-","","","","","25 May 2023",""
"Cooler Master","MasterBox Q500L","Classic","386","230","381","33.83","887.80","3.81","Acrylic","Plastic + Steel","160","120 / 240","-","360","165","140","7","-","mITX / mATX / ATX","ATX","","0 to 2","-","-","-","-","-","3 to 5","0 to 2","-","-","-","2","-","Y","-","59.99","","","","25 May 2023",""
"Phanteks","Enthoo Evolv ITX","Classic","395","230","375","34.07","908.50","5.4","Acrylic / Steel","Plastic + Steel","200","120 / 140 / 240 / 280","-","330","205","40","2","-","mITX","ATX","1","2","-","-","-","-","-","5","5","-","-","-","2","-","Y","-","87.00","","","","25 May 2023",""
"Phanteks","Enthoo Evolv ITX TG","Classic","395","230","375","34.07","908.50","6","Glass","Plastic + Steel","200","120 / 140 / 240 / 280","-","330","205","40","2","-","mITX","ATX","1","2","-","-","-","-","-","5","5","-","-","-","2","-","Y","-","87.00","","","","25 May 2023",""
"Jonsbo","U4 Pro","Classic","395","205","426","34.50","809.75","","Glass / Steel","0.6-1.2mm Steel","160","120 / 240","-","330","165","140","7","-","mITX / mATX / ATX","ATX","","0 to 1","-","-","-","-","-","5","-","-","-","-","1","1","Y","-","","","","","25 May 2023",""
"Fractal Design","Torrent Nano","Classic","417","222","374","34.62","925.74","6","Glass","Steel","165","120 / 140 / 240 / 280","-","335","170","60","3","-","mITX / mDTX","ATX","","0 to 1","-","-","-","-","-","1 to 5","0 to 4","0 to 1","-","-","2","1","Y","-","119.99","","","","25 May 2023",""
"InWin","A5","Classic","399","215","407","34.91","857.85","5.86","Glass","Al + Plastic + SECC Steel","162","120 / 240","-","340","167","140","7","-","mITX / mATX / ATX / E-ATX (305x279)","ATX","","0 to 2","-","-","-","-","-","5","-","-","-","-","2","1","Y","-","105.00","","","","25 May 2023",""
"Yeston","Cute Pet","Classic","381","326","285","35.40","1242.06","","Glass","Al","120","120 / 240","-","340","125","80","4","-","mITX / mATX","ATX","3","-","-","-","-","-","-","2","-","-","-","-","2","-","Y","799.00","110.56","","","Discontinued","25 May 2023",""